{
  "layer": "block_12",
  "model_type": "linear",
  "train": {
    "best_val_auroc": 0.9453061224489795,
    "final_val_auroc": 0.9453061224489795,
    "epochs_completed": 25
  },
  "test_std": {
    "per_window": {
      "accuracy": 0.8804761904761905,
      "auc": 0.9192814625850341,
      "precision": 0.7036144578313253,
      "recall": 0.6952380952380952,
      "f1": 0.6994011976047905,
      "confusion": {
        "tp": 292,
        "tn": 1557,
        "fp": 123,
        "fn": 128
      },
      "best_thresh": 0.25417977571487427,
      "acc_at_best_thresh": 0.8638095238095238,
      "num_samples": 2100,
      "loss": 0.3457258187911727
    },
    "per_video": {
      "accuracy": 0.8857142857142857,
      "auc": 0.927359693877551,
      "precision": 0.7272727272727273,
      "recall": 0.6857142857142857,
      "f1": 0.7058823529411765,
      "confusion": {
        "tp": 96,
        "tn": 524,
        "fp": 36,
        "fn": 44
      },
      "best_thresh": 0.16398435831069946,
      "acc_at_best_thresh": 0.84,
      "num_samples": 700
    },
    "num_windows": 2100,
    "num_videos": 700,
    "aggregation": "mean",
    "shuffle_frames": false
  },
  "test_shuf": {
    "per_window": {
      "accuracy": 0.8804761904761905,
      "auc": 0.9192814625850341,
      "precision": 0.7036144578313253,
      "recall": 0.6952380952380952,
      "f1": 0.6994011976047905,
      "confusion": {
        "tp": 292,
        "tn": 1557,
        "fp": 123,
        "fn": 128
      },
      "best_thresh": 0.2541796863079071,
      "acc_at_best_thresh": 0.8638095238095238,
      "num_samples": 2100,
      "loss": 0.34572582014582376
    },
    "per_video": {
      "accuracy": 0.8857142857142857,
      "auc": 0.927359693877551,
      "precision": 0.7272727272727273,
      "recall": 0.6857142857142857,
      "f1": 0.7058823529411765,
      "confusion": {
        "tp": 96,
        "tn": 524,
        "fp": 36,
        "fn": 44
      },
      "best_thresh": 0.16398435831069946,
      "acc_at_best_thresh": 0.84,
      "num_samples": 700
    },
    "num_windows": 2100,
    "num_videos": 700,
    "aggregation": "mean",
    "shuffle_frames": true
  },
  "wallclock": 92.34824920800747
}