final_rank,trial,val_auc_search,mean_test_auc,std_test_auc,min_test_auc,max_test_auc,n_completed
1,433,0.9549744897959184,0.7195208195637807,0.012304870145084676,0.7073529411764707,0.7378056840713814,5
