{
  "evaluated_utc": "2026-03-03T10:55:49.088642+00:00",
  "data_split_file": "clip/embeddings/celeb_df_ViT-L-14-336-quickgelu_dim768_T96_aligned_0/splits/test20_val10_seed0.csv",
  "test_samples": 240,
  "loss": 0.240295,
  "accuracy": 0.908333,
  "auc": 0.991226,
  "precision": 1.0,
  "recall": 0.728395,
  "f1": 0.842857,
  "confusion": {
    "tp": 59,
    "tn": 159,
    "fp": 0,
    "fn": 22
  }
}