{
  "evaluated_utc": "2026-03-10T10:02:39.726574+00:00",
  "data_split_file": "clip/embeddings/celeb_df_ViT-L-14-336-quickgelu_dim768_T96_0/splits/test20_val10_seed0.csv",
  "test_samples": 240,
  "loss": 0.688279,
  "accuracy": 0.8,
  "auc": 0.97065,
  "precision": 0.627907,
  "recall": 1.0,
  "f1": 0.771429,
  "confusion": {
    "tp": 81,
    "tn": 111,
    "fp": 48,
    "fn": 0
  }
}