{
  "layer": "pre_proj",
  "model_type": "bigru",
  "train": {
    "best_val_auroc": 0.8944770408163267,
    "final_val_auroc": 0.8910841836734693,
    "epochs_completed": 50
  },
  "test_std": {
    "per_window": {
      "accuracy": 0.8604761904761905,
      "auc": 0.8932213718820862,
      "precision": 0.6591478696741855,
      "recall": 0.6261904761904762,
      "f1": 0.6422466422466423,
      "confusion": {
        "tp": 263,
        "tn": 1544,
        "fp": 136,
        "fn": 157
      },
      "best_thresh": 0.25918903946876526,
      "acc_at_best_thresh": 0.830952380952381,
      "num_samples": 2100,
      "loss": 0.3554162047803402
    },
    "per_video": {
      "accuracy": 0.8685714285714285,
      "auc": 0.8992474489795919,
      "precision": 0.6846153846153846,
      "recall": 0.6357142857142857,
      "f1": 0.6592592592592592,
      "confusion": {
        "tp": 89,
        "tn": 519,
        "fp": 41,
        "fn": 51
      },
      "best_thresh": 0.11222589015960693,
      "acc_at_best_thresh": 0.7771428571428571,
      "num_samples": 700
    },
    "num_windows": 2100,
    "num_videos": 700,
    "aggregation": "mean",
    "shuffle_frames": false
  },
  "test_shuf": {
    "per_window": {
      "accuracy": 0.8609523809523809,
      "auc": 0.8938166099773242,
      "precision": 0.6608040201005025,
      "recall": 0.6261904761904762,
      "f1": 0.6430317848410758,
      "confusion": {
        "tp": 263,
        "tn": 1545,
        "fp": 135,
        "fn": 157
      },
      "best_thresh": 0.1911906749010086,
      "acc_at_best_thresh": 0.8138095238095238,
      "num_samples": 2100,
      "loss": 0.3537370857190002
    },
    "per_video": {
      "accuracy": 0.87,
      "auc": 0.8993112244897961,
      "precision": 0.6870229007633588,
      "recall": 0.6428571428571429,
      "f1": 0.6642066420664207,
      "confusion": {
        "tp": 90,
        "tn": 519,
        "fp": 41,
        "fn": 50
      },
      "best_thresh": 0.12362801283597946,
      "acc_at_best_thresh": 0.7842857142857143,
      "num_samples": 700
    },
    "num_windows": 2100,
    "num_videos": 700,
    "aggregation": "mean",
    "shuffle_frames": true
  },
  "wallclock": 191.11992206197465
}