{
  "layer": "block_12",
  "model_type": "bigru",
  "train": {
    "best_val_auroc": 0.9128571428571428,
    "final_val_auroc": 0.9059183673469389,
    "epochs_completed": 50
  },
  "test_std": {
    "per_window": {
      "accuracy": 0.87,
      "auc": 0.8981136621315193,
      "precision": 0.7363344051446945,
      "recall": 0.5452380952380952,
      "f1": 0.6265389876880985,
      "confusion": {
        "tp": 229,
        "tn": 1598,
        "fp": 82,
        "fn": 191
      },
      "best_thresh": 0.16740219295024872,
      "acc_at_best_thresh": 0.8371428571428572,
      "num_samples": 2100,
      "loss": 0.34678630327636545
    },
    "per_video": {
      "accuracy": 0.8757142857142857,
      "auc": 0.9061989795918368,
      "precision": 0.7523809523809524,
      "recall": 0.5642857142857143,
      "f1": 0.6448979591836734,
      "confusion": {
        "tp": 79,
        "tn": 534,
        "fp": 26,
        "fn": 61
      },
      "best_thresh": 0.25296080112457275,
      "acc_at_best_thresh": 0.8757142857142857,
      "num_samples": 700
    },
    "num_windows": 2100,
    "num_videos": 700,
    "aggregation": "mean",
    "shuffle_frames": false
  },
  "test_shuf": {
    "per_window": {
      "accuracy": 0.87,
      "auc": 0.8981675170068028,
      "precision": 0.7363344051446945,
      "recall": 0.5452380952380952,
      "f1": 0.6265389876880985,
      "confusion": {
        "tp": 229,
        "tn": 1598,
        "fp": 82,
        "fn": 191
      },
      "best_thresh": 0.17427170276641846,
      "acc_at_best_thresh": 0.840952380952381,
      "num_samples": 2100,
      "loss": 0.34740388799797406
    },
    "per_video": {
      "accuracy": 0.8757142857142857,
      "auc": 0.9061989795918367,
      "precision": 0.7523809523809524,
      "recall": 0.5642857142857143,
      "f1": 0.6448979591836734,
      "confusion": {
        "tp": 79,
        "tn": 534,
        "fp": 26,
        "fn": 61
      },
      "best_thresh": 0.25740665197372437,
      "acc_at_best_thresh": 0.8757142857142857,
      "num_samples": 700
    },
    "num_windows": 2100,
    "num_videos": 700,
    "aggregation": "mean",
    "shuffle_frames": true
  },
  "wallclock": 175.52958123001736
}