{
  "layer": "final",
  "model_type": "bigru",
  "train": {
    "best_val_auroc": 0.8753826530612245,
    "final_val_auroc": 0.875140306122449,
    "epochs_completed": 50
  },
  "test_std": {
    "per_window": {
      "accuracy": 0.8238095238095238,
      "auc": 0.8711309523809523,
      "precision": 0.5661375661375662,
      "recall": 0.5095238095238095,
      "f1": 0.5363408521303258,
      "confusion": {
        "tp": 214,
        "tn": 1516,
        "fp": 164,
        "fn": 206
      },
      "best_thresh": 0.2767867147922516,
      "acc_at_best_thresh": 0.799047619047619,
      "num_samples": 2100,
      "loss": 0.3518126522275535
    },
    "per_video": {
      "accuracy": 0.8371428571428572,
      "auc": 0.8771173469387755,
      "precision": 0.6065573770491803,
      "recall": 0.5285714285714286,
      "f1": 0.5648854961832062,
      "confusion": {
        "tp": 74,
        "tn": 512,
        "fp": 48,
        "fn": 66
      },
      "best_thresh": 0.16855430603027344,
      "acc_at_best_thresh": 0.75,
      "num_samples": 700
    },
    "num_windows": 2100,
    "num_videos": 700,
    "aggregation": "mean",
    "shuffle_frames": false
  },
  "test_shuf": {
    "per_window": {
      "accuracy": 0.8247619047619048,
      "auc": 0.8710232426303854,
      "precision": 0.5680628272251309,
      "recall": 0.5166666666666667,
      "f1": 0.5411471321695761,
      "confusion": {
        "tp": 217,
        "tn": 1515,
        "fp": 165,
        "fn": 203
      },
      "best_thresh": 0.26337406039237976,
      "acc_at_best_thresh": 0.7928571428571428,
      "num_samples": 2100,
      "loss": 0.35192406008189375
    },
    "per_video": {
      "accuracy": 0.8428571428571429,
      "auc": 0.8771556122448979,
      "precision": 0.625,
      "recall": 0.5357142857142857,
      "f1": 0.5769230769230769,
      "confusion": {
        "tp": 75,
        "tn": 515,
        "fp": 45,
        "fn": 65
      },
      "best_thresh": 0.17051410675048828,
      "acc_at_best_thresh": 0.7514285714285714,
      "num_samples": 700
    },
    "num_windows": 2100,
    "num_videos": 700,
    "aggregation": "mean",
    "shuffle_frames": true
  },
  "wallclock": 161.659689660999
}