layer,model_type,clip_embed_dim,best_val_auc,test_auc_std_window,test_auc_std_video,test_auc_shuf_window,test_auc_shuf_video,temporal_gap_video,wallclock_s
block_4,transformer,1024,0.5694005102040816,0.5592984693877551,0.5598469387755102,0.5593877551020409,0.5598724489795919,-2.5510204081702348e-05,180.13927318900824
block_8,transformer,1024,0.8647959183673468,0.8341935941043083,0.8430357142857143,0.8341935941043084,0.8435204081632652,-0.0004846938775509013,231.65035428799456
block_12,transformer,1024,0.9520280612244898,0.9215476190476192,0.9308290816326531,0.9213364512471657,0.931109693877551,-0.00028061224489794867,234.09147371799918
block_16,transformer,1024,0.9499234693877551,0.9337443310657597,0.9385969387755102,0.9335919784580499,0.9387244897959184,-0.00012755102040817867,234.57779740402475
block_20,transformer,1024,0.9358290816326531,0.9181618480725623,0.9242602040816327,0.9180328798185942,0.924515306122449,-0.00025510204081635734,226.82688016601605
block_22,transformer,1024,0.9132397959183675,0.910437925170068,0.9161224489795919,0.9103330498866213,0.9161989795918368,-7.6530612244885e-05,228.58043481700588
pre_proj,transformer,1024,0.8984311224489796,0.8961890589569161,0.9003826530612244,0.8961550453514738,0.900420918367347,-3.826530612249801e-05,238.98394177196315
final,transformer,768,0.8833545918367347,0.886076388888889,0.8928316326530612,0.8857043650793651,0.8927295918367347,0.00010204081632647632,174.41937328502536
