{
  "layer": "block_4",
  "model_type": "linear",
  "train": {
    "best_val_auroc": 0.6022576530612247,
    "final_val_auroc": 0.5937436224489796,
    "epochs_completed": 25
  },
  "test_std": {
    "per_window": {
      "accuracy": 0.8,
      "auc": 0.582829506802721,
      "precision": 0.0,
      "recall": 0.0,
      "f1": 0.0,
      "confusion": {
        "tp": 0,
        "tn": 1680,
        "fp": 0,
        "fn": 420
      },
      "best_thresh": 0.16865266859531403,
      "acc_at_best_thresh": 0.5428571428571428,
      "num_samples": 2100,
      "loss": 0.4963289783759551
    },
    "per_video": {
      "accuracy": 0.8,
      "auc": 0.5841709183673469,
      "precision": 0.0,
      "recall": 0.0,
      "f1": 0.0,
      "confusion": {
        "tp": 0,
        "tn": 560,
        "fp": 0,
        "fn": 140
      },
      "best_thresh": 0.1810673475265503,
      "acc_at_best_thresh": 0.66,
      "num_samples": 700
    },
    "num_windows": 2100,
    "num_videos": 700,
    "aggregation": "mean",
    "shuffle_frames": false
  },
  "test_shuf": {
    "per_window": {
      "accuracy": 0.8,
      "auc": 0.5828280895691611,
      "precision": 0.0,
      "recall": 0.0,
      "f1": 0.0,
      "confusion": {
        "tp": 0,
        "tn": 1680,
        "fp": 0,
        "fn": 420
      },
      "best_thresh": 0.16865266859531403,
      "acc_at_best_thresh": 0.5428571428571428,
      "num_samples": 2100,
      "loss": 0.4963289783759551
    },
    "per_video": {
      "accuracy": 0.8,
      "auc": 0.5841709183673469,
      "precision": 0.0,
      "recall": 0.0,
      "f1": 0.0,
      "confusion": {
        "tp": 0,
        "tn": 560,
        "fp": 0,
        "fn": 140
      },
      "best_thresh": 0.1810673475265503,
      "acc_at_best_thresh": 0.66,
      "num_samples": 700
    },
    "num_windows": 2100,
    "num_videos": 700,
    "aggregation": "mean",
    "shuffle_frames": true
  },
  "wallclock": 72.37907207000535
}