final_rank,trial,val_auc_search,mean_test_auc,std_test_auc,min_test_auc,max_test_auc,n_completed,seed_0_auc,seed_1_auc,seed_2_auc,seed_3_auc,seed_4_auc
1,433,0.9549744897959184,0.7195208195637807,0.012304870145084676,0.7073529411764707,0.7378056840713814,5,0.7109715796430931,0.7255948446794449,0.7378056840713814,0.7073529411764707,0.7158790482485129
