{
  "layer": "block_8",
  "model_type": "transformer",
  "train": {
    "best_val_auroc": 0.8647959183673468,
    "final_val_auroc": 0.8647959183673468,
    "epochs_completed": 50
  },
  "test_std": {
    "per_window": {
      "accuracy": 0.8528571428571429,
      "auc": 0.8341935941043083,
      "precision": 0.7341772151898734,
      "recall": 0.4142857142857143,
      "f1": 0.5296803652968036,
      "confusion": {
        "tp": 174,
        "tn": 1617,
        "fp": 63,
        "fn": 246
      },
      "best_thresh": 0.14857618510723114,
      "acc_at_best_thresh": 0.7519047619047619,
      "num_samples": 2100,
      "loss": 0.3776966597546231
    },
    "per_video": {
      "accuracy": 0.8514285714285714,
      "auc": 0.8430357142857143,
      "precision": 0.7195121951219512,
      "recall": 0.42142857142857143,
      "f1": 0.5315315315315315,
      "confusion": {
        "tp": 59,
        "tn": 537,
        "fp": 23,
        "fn": 81
      },
      "best_thresh": 0.10453697293996811,
      "acc_at_best_thresh": 0.6957142857142857,
      "num_samples": 700
    },
    "num_windows": 2100,
    "num_videos": 700,
    "aggregation": "mean",
    "shuffle_frames": false
  },
  "test_shuf": {
    "per_window": {
      "accuracy": 0.8509523809523809,
      "auc": 0.8341935941043084,
      "precision": 0.7296137339055794,
      "recall": 0.40476190476190477,
      "f1": 0.5206738131699847,
      "confusion": {
        "tp": 170,
        "tn": 1617,
        "fp": 63,
        "fn": 250
      },
      "best_thresh": 0.14272437989711761,
      "acc_at_best_thresh": 0.7490476190476191,
      "num_samples": 2100,
      "loss": 0.3779479346492074
    },
    "per_video": {
      "accuracy": 0.8485714285714285,
      "auc": 0.8435204081632652,
      "precision": 0.7073170731707317,
      "recall": 0.4142857142857143,
      "f1": 0.5225225225225225,
      "confusion": {
        "tp": 58,
        "tn": 536,
        "fp": 24,
        "fn": 82
      },
      "best_thresh": 0.14930526912212372,
      "acc_at_best_thresh": 0.7528571428571429,
      "num_samples": 700
    },
    "num_windows": 2100,
    "num_videos": 700,
    "aggregation": "mean",
    "shuffle_frames": true
  },
  "wallclock": 231.65035428799456
}