layer,model_type,input_transform,clip_embed_dim,best_val_auc,test_auc_std_window,test_auc_std_video,test_auc_shuf_window,test_auc_shuf_video,temporal_gap_video,wallclock_s
block_4,bigru,diff,1024,0.5926275510204082,0.5003599773242631,0.4885204081632653,0.49568664965986386,0.4929081632653062,-0.004387755102040869,164.02847687400026
block_8,bigru,diff,1024,0.5710969387755103,0.5063548752834467,0.5184311224489796,0.4763697562358276,0.46785714285714286,0.05057397959183674,169.0786956969996
block_12,bigru,diff,1024,0.5635267857142857,0.4806271258503402,0.47248724489795924,0.47748299319727894,0.4552742346938775,0.017213010204081725,167.93137853000007
block_16,bigru,diff,1024,0.5469706632653061,0.4984658446712018,0.4995089285714286,0.48351615646258506,0.4723979591836735,0.02711096938775509,161.60006112799965
block_20,bigru,diff,1024,0.5621364795918368,0.501281179138322,0.5077168367346938,0.4991390306122449,0.5071364795918367,0.0005803571428570908,161.33538338700055
block_22,bigru,diff,1024,0.6005420918367347,0.4999907879818595,0.49700255102040813,0.5155123299319728,0.5084948979591837,-0.011492346938775544,161.95386880600017
pre_proj,bigru,diff,1024,0.5724936224489796,0.49731292517006803,0.5037499999999999,0.5069401927437642,0.4937053571428571,0.010044642857142794,161.67717014299978
final,bigru,diff,768,0.5734885204081632,0.5009233276643992,0.5279719387755102,0.4885175736961451,0.4641326530612244,0.06383928571428577,145.87249569800042
