{
  "layer": "block_20",
  "model_type": "linear",
  "input_transform": "diff",
  "train": {
    "best_val_auroc": 0.8592602040816326,
    "final_val_auroc": 0.8592602040816326,
    "epochs_completed": 25
  },
  "test_std": {
    "per_window": {
      "accuracy": 0.8142857142857143,
      "auc": 0.8453684807256235,
      "precision": 0.5842696629213483,
      "recall": 0.24761904761904763,
      "f1": 0.34782608695652173,
      "confusion": {
        "tp": 104,
        "tn": 1606,
        "fp": 74,
        "fn": 316
      },
      "best_thresh": 0.2824622690677643,
      "acc_at_best_thresh": 0.7157142857142857,
      "num_samples": 2100,
      "loss": 0.37170848182656546
    },
    "per_video": {
      "accuracy": 0.8242857142857143,
      "auc": 0.8711479591836734,
      "precision": 0.717948717948718,
      "recall": 0.2,
      "f1": 0.3128491620111732,
      "confusion": {
        "tp": 28,
        "tn": 549,
        "fp": 11,
        "fn": 112
      },
      "best_thresh": 0.3623789846897125,
      "acc_at_best_thresh": 0.82,
      "num_samples": 700
    },
    "num_windows": 2100,
    "num_videos": 700,
    "aggregation": "mean",
    "shuffle_frames": false,
    "input_transform": "diff"
  },
  "test_shuf": {
    "per_window": {
      "accuracy": 0.770952380952381,
      "auc": 0.8102735260770976,
      "precision": 0.4427767354596623,
      "recall": 0.5619047619047619,
      "f1": 0.49527806925498424,
      "confusion": {
        "tp": 236,
        "tn": 1383,
        "fp": 297,
        "fn": 184
      },
      "best_thresh": 0.3219987154006958,
      "acc_at_best_thresh": 0.731904761904762,
      "num_samples": 2100,
      "loss": 0.45399651202288543
    },
    "per_video": {
      "accuracy": 0.8114285714285714,
      "auc": 0.844859693877551,
      "precision": 0.5298507462686567,
      "recall": 0.5071428571428571,
      "f1": 0.5182481751824818,
      "confusion": {
        "tp": 71,
        "tn": 497,
        "fp": 63,
        "fn": 69
      },
      "best_thresh": 0.3654681146144867,
      "acc_at_best_thresh": 0.7771428571428571,
      "num_samples": 700
    },
    "num_windows": 2100,
    "num_videos": 700,
    "aggregation": "mean",
    "shuffle_frames": true,
    "input_transform": "diff"
  },
  "wallclock": 74.39635866499975
}