layer,model_type,clip_embed_dim,best_val_auc,test_auc_std_window,test_auc_std_video,test_auc_shuf_window,test_auc_shuf_video,temporal_gap_video,wallclock_s
block_4,bigru,1024,0.5502933673469388,0.5477281746031746,0.5484438775510204,0.5476303854875284,0.548609693877551,-0.00016581632653056566,168.7447283169604
block_8,bigru,1024,0.8070025510204082,0.7532369614512472,0.7596811224489796,0.7533333333333332,0.759183673469388,0.000497448979591586,176.25505646399688
block_12,bigru,1024,0.9128571428571428,0.8981136621315193,0.9061989795918368,0.8981675170068028,0.9061989795918367,1.1102230246251565e-16,175.52958123001736
block_16,bigru,1024,0.931173469387755,0.9180413832199545,0.922984693877551,0.9180399659863946,0.9229081632653061,7.6530612244885e-05,177.1327288079774
block_20,bigru,1024,0.9363775510204082,0.9266170634920635,0.933125,0.9266595804988663,0.9330994897959184,2.5510204081591326e-05,175.4742545830086
block_22,bigru,1024,0.9058801020408164,0.9056292517006802,0.9128698979591836,0.905812074829932,0.9130739795918367,-0.00020408163265306367,181.23873405199265
pre_proj,bigru,1024,0.8944770408163267,0.8932213718820862,0.8992474489795919,0.8938166099773242,0.8993112244897961,-6.377551020420036e-05,191.11992206197465
final,bigru,768,0.8753826530612245,0.8711309523809523,0.8771173469387755,0.8710232426303854,0.8771556122448979,-3.826530612238699e-05,161.659689660999
