final_rank,trial,val_auc_search,mean_test_auc,std_test_auc,min_test_auc,max_test_auc,n_completed,seed_0_auc,seed_1_auc,seed_2_auc,seed_3_auc,seed_4_auc,seed_5_auc,seed_6_auc,seed_7_auc,seed_8_auc,seed_9_auc,seed_10_auc,seed_11_auc,seed_12_auc,seed_13_auc,seed_14_auc,seed_15_auc,seed_16_auc,seed_17_auc,seed_18_auc,seed_19_auc,seed_20_auc,seed_21_auc,seed_22_auc,seed_23_auc,seed_24_auc,seed_25_auc,seed_26_auc,seed_27_auc,seed_28_auc,seed_29_auc,seed_30_auc,seed_31_auc,seed_32_auc,seed_33_auc,seed_34_auc,seed_35_auc,seed_36_auc,seed_37_auc,seed_38_auc,seed_39_auc,seed_40_auc,seed_41_auc,seed_42_auc
1,433,0.9549744897959184,0.7093855192978681,0.02486145647570731,0.6081460674157303,0.7449933906146728,43,0.7109715796430931,0.7255948446794449,0.7378056840713814,0.7073529411764707,0.7158790482485129,0.7054857898215466,0.7105254461335095,0.6463152676801057,0.7265366820885657,0.7372769332452082,0.70672504957039,0.7286186384666226,0.7285855915399868,0.6989755452742894,0.7278420356906807,0.71305353602115,0.7192828816920026,0.7224223397224058,0.6081460674157303,0.7157799074686054,0.7233641771315267,0.678916060806345,0.7243555849306014,0.7120125578321217,0.6935723727693324,0.6921017845340385,0.6894084600132186,0.7327329808327826,0.7449933906146728,0.6534864507600794,0.713433575677462,0.7053536021150033,0.7153007270323859,0.7090383344348976,0.7148793787177793,0.7169365499008592,0.7173000660938532,0.7026602775941837,0.7065928618638467,0.7019497686715135,0.7252478519497687,0.7221249173826835,0.7146397884996696
