layer,model_type,clip_embed_dim,best_val_auc,test_auc_std_window,test_auc_std_video,test_auc_shuf_window,test_auc_shuf_video,temporal_gap_video,wallclock_s
block_4,linear,1024,0.6022576530612247,0.582829506802721,0.5841709183673469,0.5828280895691611,0.5841709183673469,0.0,72.37907207000535
block_8,linear,1024,0.8655484693877552,0.822484410430839,0.8325382653061224,0.822484410430839,0.8325382653061224,0.0,73.67561476700939
block_12,linear,1024,0.9453061224489795,0.9192814625850341,0.927359693877551,0.9192814625850341,0.927359693877551,0.0,92.34824920800747
block_16,linear,1024,0.9461543367346938,0.9288314909297052,0.9333801020408163,0.9288314909297052,0.9333801020408163,0.0,75.23351241199998
block_20,linear,1024,0.939655612244898,0.9212825963718821,0.9274617346938775,0.9212825963718821,0.9274617346938775,0.0,83.99818819394568
block_22,linear,1024,0.9112244897959184,0.9076077097505669,0.9148214285714286,0.9076077097505669,0.9148214285714286,0.0,87.714164894016
pre_proj,linear,1024,0.8974107142857143,0.9043480725623583,0.91125,0.9043480725623583,0.91125,0.0,88.349267596961
final,linear,768,0.8813010204081633,0.8816808390022675,0.8881122448979591,0.8816808390022675,0.8881122448979591,0.0,68.72032109601423
