{
  "layer": "block_16",
  "model_type": "linear",
  "input_transform": "diff",
  "train": {
    "best_val_auroc": 0.798469387755102,
    "final_val_auroc": 0.6796938775510204,
    "epochs_completed": 25
  },
  "test_std": {
    "per_window": {
      "accuracy": 0.8,
      "auc": 0.6687755102040817,
      "precision": 0.0,
      "recall": 0.0,
      "f1": 0.0,
      "confusion": {
        "tp": 0,
        "tn": 1680,
        "fp": 0,
        "fn": 420
      },
      "best_thresh": 0.13128291070461273,
      "acc_at_best_thresh": 0.6085714285714285,
      "num_samples": 2100,
      "loss": 0.5066944902593439
    },
    "per_video": {
      "accuracy": 0.8,
      "auc": 0.6846045918367347,
      "precision": 0.0,
      "recall": 0.0,
      "f1": 0.0,
      "confusion": {
        "tp": 0,
        "tn": 560,
        "fp": 0,
        "fn": 140
      },
      "best_thresh": 0.13063938915729523,
      "acc_at_best_thresh": 0.6085714285714285,
      "num_samples": 700
    },
    "num_windows": 2100,
    "num_videos": 700,
    "aggregation": "mean",
    "shuffle_frames": false,
    "input_transform": "diff"
  },
  "test_shuf": {
    "per_window": {
      "accuracy": 0.8,
      "auc": 0.5247859977324263,
      "precision": 0.0,
      "recall": 0.0,
      "f1": 0.0,
      "confusion": {
        "tp": 0,
        "tn": 1680,
        "fp": 0,
        "fn": 420
      },
      "best_thresh": 0.10213884711265564,
      "acc_at_best_thresh": 0.5280952380952381,
      "num_samples": 2100,
      "loss": 0.5394740423018282
    },
    "per_video": {
      "accuracy": 0.8,
      "auc": 0.5266836734693877,
      "precision": 0.0,
      "recall": 0.0,
      "f1": 0.0,
      "confusion": {
        "tp": 0,
        "tn": 560,
        "fp": 0,
        "fn": 140
      },
      "best_thresh": 0.10407871007919312,
      "acc_at_best_thresh": 0.5871428571428572,
      "num_samples": 700
    },
    "num_windows": 2100,
    "num_videos": 700,
    "aggregation": "mean",
    "shuffle_frames": true,
    "input_transform": "diff"
  },
  "wallclock": 72.76787689399953
}