{
  "evaluated_utc": "2026-03-10T10:08:32.715776+00:00",
  "data_split_file": "clip/embeddings/celeb_df_ViT-L-14-336-quickgelu_dim768_T96_0/splits/test20_val10_seed0.csv",
  "standard": {
    "shuffle_frames": false,
    "test_samples": 240,
    "loss": 0.553218,
    "accuracy": 0.804167,
    "auc": 0.969796,
    "precision": 0.637097,
    "recall": 0.975309,
    "f1": 0.770732,
    "confusion": {
      "tp": 79,
      "tn": 114,
      "fp": 45,
      "fn": 2
    }
  },
  "shuffled": {
    "shuffle_frames": true,
    "test_samples": 240,
    "loss": 0.553017,
    "accuracy": 0.804167,
    "auc": 0.969873,
    "precision": 0.637097,
    "recall": 0.975309,
    "f1": 0.770732,
    "confusion": {
      "tp": 79,
      "tn": 114,
      "fp": 45,
      "fn": 2
    }
  }
}