{
  "layer": "block_16",
  "model_type": "bigru",
  "train": {
    "best_val_auroc": 0.931173469387755,
    "final_val_auroc": 0.9252423469387756,
    "epochs_completed": 50
  },
  "test_std": {
    "per_window": {
      "accuracy": 0.8809523809523809,
      "auc": 0.9180413832199545,
      "precision": 0.7053140096618358,
      "recall": 0.6952380952380952,
      "f1": 0.7002398081534772,
      "confusion": {
        "tp": 292,
        "tn": 1558,
        "fp": 122,
        "fn": 128
      },
      "best_thresh": 0.27082639932632446,
      "acc_at_best_thresh": 0.8528571428571429,
      "num_samples": 2100,
      "loss": 0.29962464489720086
    },
    "per_video": {
      "accuracy": 0.8828571428571429,
      "auc": 0.922984693877551,
      "precision": 0.7132352941176471,
      "recall": 0.6928571428571428,
      "f1": 0.7028985507246377,
      "confusion": {
        "tp": 97,
        "tn": 521,
        "fp": 39,
        "fn": 43
      },
      "best_thresh": 0.31936565041542053,
      "acc_at_best_thresh": 0.88,
      "num_samples": 700
    },
    "num_windows": 2100,
    "num_videos": 700,
    "aggregation": "mean",
    "shuffle_frames": false
  },
  "test_shuf": {
    "per_window": {
      "accuracy": 0.8809523809523809,
      "auc": 0.9180399659863946,
      "precision": 0.7043269230769231,
      "recall": 0.6976190476190476,
      "f1": 0.7009569377990431,
      "confusion": {
        "tp": 293,
        "tn": 1557,
        "fp": 123,
        "fn": 127
      },
      "best_thresh": 0.2691376507282257,
      "acc_at_best_thresh": 0.8523809523809524,
      "num_samples": 2100,
      "loss": 0.29961759597063065
    },
    "per_video": {
      "accuracy": 0.8828571428571429,
      "auc": 0.9229081632653061,
      "precision": 0.7164179104477612,
      "recall": 0.6857142857142857,
      "f1": 0.7007299270072993,
      "confusion": {
        "tp": 96,
        "tn": 522,
        "fp": 38,
        "fn": 44
      },
      "best_thresh": 0.32119181752204895,
      "acc_at_best_thresh": 0.8785714285714286,
      "num_samples": 700
    },
    "num_windows": 2100,
    "num_videos": 700,
    "aggregation": "mean",
    "shuffle_frames": true
  },
  "wallclock": 177.1327288079774
}