{
  "layer": "block_8",
  "model_type": "linear",
  "input_transform": "diff",
  "train": {
    "best_val_auroc": 0.7031632653061226,
    "final_val_auroc": 0.7031632653061226,
    "epochs_completed": 25
  },
  "test_std": {
    "per_window": {
      "accuracy": 0.8,
      "auc": 0.7011982709750568,
      "precision": 0.0,
      "recall": 0.0,
      "f1": 0.0,
      "confusion": {
        "tp": 0,
        "tn": 1680,
        "fp": 0,
        "fn": 420
      },
      "best_thresh": 0.17914226651191711,
      "acc_at_best_thresh": 0.6923809523809524,
      "num_samples": 2100,
      "loss": 0.499355904080651
    },
    "per_video": {
      "accuracy": 0.8,
      "auc": 0.7318239795918366,
      "precision": 0.0,
      "recall": 0.0,
      "f1": 0.0,
      "confusion": {
        "tp": 0,
        "tn": 560,
        "fp": 0,
        "fn": 140
      },
      "best_thresh": 0.178905189037323,
      "acc_at_best_thresh": 0.6328571428571429,
      "num_samples": 700
    },
    "num_windows": 2100,
    "num_videos": 700,
    "aggregation": "mean",
    "shuffle_frames": false,
    "input_transform": "diff"
  },
  "test_shuf": {
    "per_window": {
      "accuracy": 0.8,
      "auc": 0.578484977324263,
      "precision": 0.0,
      "recall": 0.0,
      "f1": 0.0,
      "confusion": {
        "tp": 0,
        "tn": 1680,
        "fp": 0,
        "fn": 420
      },
      "best_thresh": 0.1779690831899643,
      "acc_at_best_thresh": 0.6557142857142857,
      "num_samples": 2100,
      "loss": 0.49997577883980493
    },
    "per_video": {
      "accuracy": 0.8,
      "auc": 0.6086989795918367,
      "precision": 0.0,
      "recall": 0.0,
      "f1": 0.0,
      "confusion": {
        "tp": 0,
        "tn": 560,
        "fp": 0,
        "fn": 140
      },
      "best_thresh": 0.17797808349132538,
      "acc_at_best_thresh": 0.6985714285714286,
      "num_samples": 700
    },
    "num_windows": 2100,
    "num_videos": 700,
    "aggregation": "mean",
    "shuffle_frames": true,
    "input_transform": "diff"
  },
  "wallclock": 73.65690118699968
}