{
  "layer": "block_16",
  "model_type": "bigru",
  "input_transform": "diff",
  "train": {
    "best_val_auroc": 0.5469706632653061,
    "final_val_auroc": 0.5240688775510204,
    "epochs_completed": 50
  },
  "test_std": {
    "per_window": {
      "accuracy": 0.8,
      "auc": 0.4984658446712018,
      "precision": 0.0,
      "recall": 0.0,
      "f1": 0.0,
      "confusion": {
        "tp": 0,
        "tn": 1680,
        "fp": 0,
        "fn": 420
      },
      "best_thresh": 0.2004353255033493,
      "acc_at_best_thresh": 0.33285714285714285,
      "num_samples": 2100,
      "loss": 0.498831644654274
    },
    "per_video": {
      "accuracy": 0.8,
      "auc": 0.4995089285714286,
      "precision": 0.0,
      "recall": 0.0,
      "f1": 0.0,
      "confusion": {
        "tp": 0,
        "tn": 560,
        "fp": 0,
        "fn": 140
      },
      "best_thresh": 0.20049719512462616,
      "acc_at_best_thresh": 0.6557142857142857,
      "num_samples": 700
    },
    "num_windows": 2100,
    "num_videos": 700,
    "aggregation": "mean",
    "shuffle_frames": false,
    "input_transform": "diff"
  },
  "test_shuf": {
    "per_window": {
      "accuracy": 0.8,
      "auc": 0.48351615646258506,
      "precision": 0.0,
      "recall": 0.0,
      "f1": 0.0,
      "confusion": {
        "tp": 0,
        "tn": 1680,
        "fp": 0,
        "fn": 420
      },
      "best_thresh": 0.20040984451770782,
      "acc_at_best_thresh": 0.3061904761904762,
      "num_samples": 2100,
      "loss": 0.4988351274620403
    },
    "per_video": {
      "accuracy": 0.8,
      "auc": 0.4723979591836735,
      "precision": 0.0,
      "recall": 0.0,
      "f1": 0.0,
      "confusion": {
        "tp": 0,
        "tn": 560,
        "fp": 0,
        "fn": 140
      },
      "best_thresh": 0.20042496919631958,
      "acc_at_best_thresh": 0.2671428571428571,
      "num_samples": 700
    },
    "num_windows": 2100,
    "num_videos": 700,
    "aggregation": "mean",
    "shuffle_frames": true,
    "input_transform": "diff"
  },
  "wallclock": 161.60006112799965
}