{
  "layer": "final",
  "model_type": "linear",
  "input_transform": "diff",
  "train": {
    "best_val_auroc": 0.7973469387755102,
    "final_val_auroc": 0.7963010204081633,
    "epochs_completed": 25
  },
  "test_std": {
    "per_window": {
      "accuracy": 0.8,
      "auc": 0.7830824829931974,
      "precision": 0.0,
      "recall": 0.0,
      "f1": 0.0,
      "confusion": {
        "tp": 0,
        "tn": 1680,
        "fp": 0,
        "fn": 420
      },
      "best_thresh": 0.1724245548248291,
      "acc_at_best_thresh": 0.621904761904762,
      "num_samples": 2100,
      "loss": 0.4018641676415097
    },
    "per_video": {
      "accuracy": 0.8,
      "auc": 0.7980357142857142,
      "precision": 0.0,
      "recall": 0.0,
      "f1": 0.0,
      "confusion": {
        "tp": 0,
        "tn": 560,
        "fp": 0,
        "fn": 140
      },
      "best_thresh": 0.2223806530237198,
      "acc_at_best_thresh": 0.6571428571428571,
      "num_samples": 700
    },
    "num_windows": 2100,
    "num_videos": 700,
    "aggregation": "mean",
    "shuffle_frames": false,
    "input_transform": "diff"
  },
  "test_shuf": {
    "per_window": {
      "accuracy": 0.8,
      "auc": 0.7600099206349207,
      "precision": 0.0,
      "recall": 0.0,
      "f1": 0.0,
      "confusion": {
        "tp": 0,
        "tn": 1680,
        "fp": 0,
        "fn": 420
      },
      "best_thresh": 0.0599994882941246,
      "acc_at_best_thresh": 0.6028571428571429,
      "num_samples": 2100,
      "loss": 0.4617857855152
    },
    "per_video": {
      "accuracy": 0.8,
      "auc": 0.7896301020408163,
      "precision": 0.0,
      "recall": 0.0,
      "f1": 0.0,
      "confusion": {
        "tp": 0,
        "tn": 560,
        "fp": 0,
        "fn": 140
      },
      "best_thresh": 0.11221606284379959,
      "acc_at_best_thresh": 0.6114285714285714,
      "num_samples": 700
    },
    "num_windows": 2100,
    "num_videos": 700,
    "aggregation": "mean",
    "shuffle_frames": true,
    "input_transform": "diff"
  },
  "wallclock": 60.937801939000565
}