final_rank,trial,val_auc_search,mean_test_auc,std_test_auc,min_test_auc,max_test_auc,n_completed,seed_0_auc,seed_1_auc,seed_2_auc,seed_3_auc,seed_4_auc
1,1,0.9324489795918368,0.6806047587574355,0.004877381000925454,0.673678122934567,0.6859550561797753,5,0.6793621943159287,0.6794613350958361,0.6859550561797753,0.673678122934567,0.6845670852610708
