final_rank,trial,val_auc_search,mean_test_auc,std_test_auc,min_test_auc,max_test_auc,n_completed,seed_0_auc,seed_1_auc,seed_2_auc,seed_3_auc,seed_4_auc,seed_5_auc,seed_6_auc,seed_7_auc,seed_8_auc,seed_9_auc,seed_10_auc,seed_11_auc,seed_12_auc,seed_13_auc,seed_14_auc,seed_15_auc,seed_16_auc,seed_17_auc,seed_18_auc,seed_19_auc,seed_20_auc,seed_21_auc,seed_22_auc,seed_23_auc,seed_24_auc,seed_25_auc,seed_26_auc,seed_27_auc,seed_28_auc,seed_29_auc,seed_30_auc,seed_31_auc,seed_32_auc,seed_33_auc,seed_34_auc,seed_35_auc,seed_36_auc,seed_37_auc,seed_38_auc,seed_39_auc,seed_40_auc,seed_41_auc,seed_42_auc
1,1,0.9324489795918368,0.68055764767365,0.005623385414979276,0.6664904163912756,0.6937541308658295,43,0.6793621943159287,0.6794613350958361,0.6859550561797753,0.673678122934567,0.6845670852610708,0.6664904163912756,0.6764375413086583,0.6840383344348975,0.6759418374091208,0.6842035690680767,0.6700429610046265,0.6862690019828155,0.6935723727693325,0.677792465300727,0.6874091209517514,0.6808327825512228,0.6809319233311302,0.68283212161269,0.6850132187706544,0.6806840713813614,0.6802048909451421,0.6727032385988102,0.6790978189028422,0.676321877065433,0.6802875082617316,0.6727693324520819,0.6790812954395241,0.6825181758096498,0.6797918043621943,0.6937541308658295,0.6799570389953733,0.6772967614011898,0.6816754791804363,0.6759253139458032,0.681923331130205,0.6890118968935889,0.6793291473892928,0.6822042300066095,0.6761070720423,0.6864011896893588,0.6834930601454063,0.6730337078651686,0.6855750165234633
