final_rank,trial,val_auc_search,mean_test_auc,std_test_auc,min_test_auc,max_test_auc,n_completed,seed_0_auc,seed_1_auc,seed_2_auc,seed_3_auc,seed_4_auc
1,1,0.9517091836734696,0.7127825512227364,0.01929014951350829,0.6844183740912094,0.7271810971579643,5,0.6844183740912094,0.7008757435558491,0.7271810971579643,0.7254626569729015,0.7259748843357569
