layer,model_type,input_transform,clip_embed_dim,best_val_auc,test_auc_std_window,test_auc_std_video,test_auc_shuf_window,test_auc_shuf_video,temporal_gap_video,wallclock_s
block_4,linear,diff,1024,0.5184311224489796,0.4932518424036281,0.49246811224489795,0.44751558956916104,0.44275510204081636,0.04971301020408159,69.70412589199987
block_8,linear,diff,1024,0.7031632653061226,0.7011982709750568,0.7318239795918366,0.578484977324263,0.6086989795918367,0.12312499999999993,73.65690118699968
block_12,linear,diff,1024,0.7454591836734694,0.7097640306122449,0.7301403061224491,0.5769812925170068,0.5958035714285714,0.13433673469387764,74.5854394779999
block_16,linear,diff,1024,0.798469387755102,0.6687755102040817,0.6846045918367347,0.5247859977324263,0.5266836734693877,0.157920918367347,72.76787689399953
block_20,linear,diff,1024,0.8592602040816326,0.8453684807256235,0.8711479591836734,0.8102735260770976,0.844859693877551,0.026288265306122383,74.39635866499975
block_22,linear,diff,1024,0.8100255102040815,0.7855590986394557,0.8041836734693877,0.7466857993197279,0.7623341836734694,0.04184948979591829,75.18792041699999
pre_proj,linear,diff,1024,0.8150765306122449,0.7987797619047619,0.8145918367346939,0.7596485260770975,0.789107142857143,0.025484693877550924,74.75087199799964
final,linear,diff,768,0.7973469387755102,0.7830824829931974,0.7980357142857142,0.7600099206349207,0.7896301020408163,0.008405612244897886,60.937801939000565
