final_rank,trial,val_auc_search,mean_test_auc,std_test_auc,min_test_auc,max_test_auc,n_completed,seed_0_auc,seed_1_auc,seed_2_auc,seed_3_auc,seed_4_auc,seed_5_auc,seed_6_auc,seed_7_auc,seed_8_auc,seed_9_auc,seed_10_auc,seed_11_auc,seed_12_auc,seed_13_auc,seed_14_auc,seed_15_auc,seed_16_auc,seed_17_auc,seed_18_auc,seed_19_auc,seed_20_auc,seed_21_auc,seed_22_auc,seed_23_auc,seed_24_auc,seed_25_auc,seed_26_auc,seed_27_auc,seed_28_auc,seed_29_auc,seed_30_auc,seed_31_auc,seed_32_auc,seed_33_auc,seed_34_auc,seed_35_auc,seed_36_auc,seed_37_auc,seed_38_auc,seed_39_auc,seed_40_auc,seed_41_auc,seed_42_auc
1,1,0.9517091836734696,0.7115914016508091,0.011483246231589216,0.6735955056179774,0.7296265697290152,43,0.6844183740912094,0.7008757435558491,0.7271810971579643,0.7254626569729015,0.7259748843357569,0.7092366159947124,0.7053205551883673,0.7006278916060806,0.7051718440185062,0.7183740912095173,0.6997191011235955,0.7264375413086581,0.7230337078651685,0.712309980171844,0.7176470588235295,0.7217118307997356,0.708179114342366,0.7077825512227363,0.7166226040978189,0.7225710508922669,0.7154494382022472,0.7011401189689359,0.7266027759418374,0.7053205551883676,0.7016027759418374,0.7120125578321216,0.7043456708526107,0.6735955056179774,0.7090713813615335,0.7049735624586915,0.7132022471910113,0.7112524785194977,0.7091870456047588,0.7296265697290152,0.7100132187706544,0.7186219431592862,0.7289986781229345,0.7114672835426304,0.7026933245208196,0.7087739590218111,0.7236450760079314,0.7060971579643094,0.7120786516853932
