{
  "layer": "block_16",
  "model_type": "linear",
  "train": {
    "best_val_auroc": 0.9461543367346938,
    "final_val_auroc": 0.9401403061224489,
    "epochs_completed": 25
  },
  "test_std": {
    "per_window": {
      "accuracy": 0.8833333333333333,
      "auc": 0.9288314909297052,
      "precision": 0.6789366053169734,
      "recall": 0.7904761904761904,
      "f1": 0.7304730473047305,
      "confusion": {
        "tp": 332,
        "tn": 1523,
        "fp": 157,
        "fn": 88
      },
      "best_thresh": 0.49927017092704773,
      "acc_at_best_thresh": 0.8842857142857142,
      "num_samples": 2100,
      "loss": 0.31399612670594995
    },
    "per_video": {
      "accuracy": 0.88,
      "auc": 0.9333801020408163,
      "precision": 0.6728395061728395,
      "recall": 0.7785714285714286,
      "f1": 0.7218543046357616,
      "confusion": {
        "tp": 109,
        "tn": 507,
        "fp": 53,
        "fn": 31
      },
      "best_thresh": 0.24817489087581635,
      "acc_at_best_thresh": 0.8328571428571429,
      "num_samples": 700
    },
    "num_windows": 2100,
    "num_videos": 700,
    "aggregation": "mean",
    "shuffle_frames": false
  },
  "test_shuf": {
    "per_window": {
      "accuracy": 0.8833333333333333,
      "auc": 0.9288314909297052,
      "precision": 0.6789366053169734,
      "recall": 0.7904761904761904,
      "f1": 0.7304730473047305,
      "confusion": {
        "tp": 332,
        "tn": 1523,
        "fp": 157,
        "fn": 88
      },
      "best_thresh": 0.4992702007293701,
      "acc_at_best_thresh": 0.8842857142857142,
      "num_samples": 2100,
      "loss": 0.31399612670594995
    },
    "per_video": {
      "accuracy": 0.88,
      "auc": 0.9333801020408163,
      "precision": 0.6728395061728395,
      "recall": 0.7785714285714286,
      "f1": 0.7218543046357616,
      "confusion": {
        "tp": 109,
        "tn": 507,
        "fp": 53,
        "fn": 31
      },
      "best_thresh": 0.24817490577697754,
      "acc_at_best_thresh": 0.8328571428571429,
      "num_samples": 700
    },
    "num_windows": 2100,
    "num_videos": 700,
    "aggregation": "mean",
    "shuffle_frames": true
  },
  "wallclock": 75.23351241199998
}