{
  "layer": "block_8",
  "model_type": "linear",
  "train": {
    "best_val_auroc": 0.9489285714285713,
    "final_val_auroc": 0.9387244897959184,
    "epochs_completed": 50
  },
  "test_std": {
    "per_window": {
      "accuracy": 0.8797619047619047,
      "auc": 0.9257766439909298,
      "precision": 0.8957816377171216,
      "recall": 0.8595238095238096,
      "f1": 0.8772782503037667,
      "confusion": {
        "tp": 361,
        "tn": 378,
        "fp": 42,
        "fn": 59
      },
      "best_thresh": 0.4978461265563965,
      "acc_at_best_thresh": 0.8809523809523809,
      "num_samples": 840,
      "loss": 0.3898270547389984
    },
    "per_video": {
      "accuracy": 0.8892857142857142,
      "auc": 0.9292857142857143,
      "precision": 0.9037037037037037,
      "recall": 0.8714285714285714,
      "f1": 0.8872727272727273,
      "confusion": {
        "tp": 122,
        "tn": 127,
        "fp": 13,
        "fn": 18
      },
      "best_thresh": 0.41236773133277893,
      "acc_at_best_thresh": 0.9107142857142857,
      "num_samples": 280
    },
    "num_windows": 840,
    "num_videos": 280,
    "aggregation": "mean",
    "shuffle_frames": false
  },
  "test_shuf": {
    "per_window": {
      "accuracy": 0.8797619047619047,
      "auc": 0.9257766439909298,
      "precision": 0.8957816377171216,
      "recall": 0.8595238095238096,
      "f1": 0.8772782503037667,
      "confusion": {
        "tp": 361,
        "tn": 378,
        "fp": 42,
        "fn": 59
      },
      "best_thresh": 0.49784591794013977,
      "acc_at_best_thresh": 0.8809523809523809,
      "num_samples": 840,
      "loss": 0.3898270547389984
    },
    "per_video": {
      "accuracy": 0.8892857142857142,
      "auc": 0.9292857142857143,
      "precision": 0.9037037037037037,
      "recall": 0.8714285714285714,
      "f1": 0.8872727272727273,
      "confusion": {
        "tp": 122,
        "tn": 127,
        "fp": 13,
        "fn": 18
      },
      "best_thresh": 0.4123677909374237,
      "acc_at_best_thresh": 0.9107142857142857,
      "num_samples": 280
    },
    "num_windows": 840,
    "num_videos": 280,
    "aggregation": "mean",
    "shuffle_frames": true
  },
  "wallclock": 73.5379490259802
}