layer,model_type,input_transform,clip_embed_dim,best_val_auc,test_auc_std_window,test_auc_std_video,test_auc_shuf_window,test_auc_shuf_video,temporal_gap_video,wallclock_s
block_4,transformer,diff,1024,0.554470663265306,0.4744642857142858,0.4487627551020409,0.4709126984126984,0.44746173469387757,0.0013010204081633225,209.47985787300058
block_8,transformer,diff,1024,0.572155612244898,0.5160848922902495,0.5289285714285714,0.5005520124716554,0.5053954081632652,0.02353316326530619,219.45504551799968
block_12,transformer,diff,1024,0.5742984693877551,0.527782738095238,0.5502168367346938,0.566656037414966,0.5899043367346939,-0.0396875000000001,212.75311040500037
block_16,transformer,diff,1024,0.5442410714285714,0.5191588718820862,0.5329591836734693,0.544452947845805,0.5677232142857144,-0.03476403061224509,208.25503491400013
block_20,transformer,diff,1024,0.6620216836734694,0.6258964002267574,0.6869068877551021,0.7121350623582767,0.7603635204081634,-0.07345663265306124,209.144472512
block_22,transformer,diff,1024,0.8169642857142857,0.7929464285714285,0.8151658163265305,0.7766128117913833,0.7909183673469388,0.024247448979591746,211.2286397349999
pre_proj,transformer,diff,1024,0.8416454081632653,0.8073044217687075,0.83125,0.7930725623582767,0.8095663265306123,0.02168367346938771,176.17234286200073
final,transformer,diff,768,0.6522448979591836,0.6172434807256235,0.6620153061224491,0.6453358843537415,0.6825765306122449,-0.020561224489795804,154.21150959600072
