{
  "evaluated_utc": "2026-03-10T10:21:51.037007+00:00",
  "data_split_file": "clip/embeddings/celeb_df_ViT-L-14-336-quickgelu_dim768_T96_0/splits/test20_val10_seed0.csv",
  "standard": {
    "shuffle_frames": false,
    "test_samples": 240,
    "loss": 0.866689,
    "accuracy": 0.7625,
    "auc": 0.95085,
    "precision": 0.588235,
    "recall": 0.987654,
    "f1": 0.737327,
    "confusion": {
      "tp": 80,
      "tn": 103,
      "fp": 56,
      "fn": 1
    }
  },
  "shuffled": {
    "shuffle_frames": true,
    "test_samples": 240,
    "loss": 0.866035,
    "accuracy": 0.766667,
    "auc": 0.950695,
    "precision": 0.592593,
    "recall": 0.987654,
    "f1": 0.740741,
    "confusion": {
      "tp": 80,
      "tn": 104,
      "fp": 55,
      "fn": 1
    }
  }
}