pair,epsilon,alpha,target_power,std_a,std_b,required_n,achieved_power
Transformer vs BiGRU,0.01,0.05,0.8,0.012304870145084676,0.01929014951350829,43,0.8070823123974772
Transformer vs Linear,0.01,0.05,0.8,0.012304870145084676,0.004877381000925454,16,0.8189002762666772
BiGRU vs Linear,0.01,0.05,0.8,0.01929014951350829,0.004877381000925454,33,0.8022092816896792
