pair,mean_a,mean_b,diff_a_minus_b,t,dof,p_raw,p_bonferroni,alpha_bonferroni,ci95,power
Transformer vs BiGRU,0.7195208195637807,0.7127825512227364,0.006738268341044296,0.6585166965579261,6.792780251156396,0.5318827417633765,1.0,0.016666666666666666,[-0.02  0.03],0.08976104624178902
Transformer vs Linear,0.7195208195637807,0.6806047587574355,0.03891606080634513,6.574284092061781,5.226644656699467,0.0010296638662653259,0.0030889915987959773,0.016666666666666666,[0.02 0.05],0.9998957128031127
BiGRU vs Linear,0.7127825512227364,0.6806047587574355,0.032177792465300836,3.6161730326606225,4.509355289767504,0.018263785528886998,0.054791356586661,0.016666666666666666,[0.01 0.06],0.8847192838415354
